"country_id","country_name","year","P","PET","AET"
31,"Algeria",2003,106.55,1670.75,52.9
31,"Algeria",2004,101.6,1696.65,58.47
31,"Algeria",2005,85.8,1689.01,47.97
31,"Algeria",2006,102.13,1665.64,56.51
31,"Algeria",2007,94.29,1705,49.5
31,"Algeria",2008,106.75,1720.13,52.8
31,"Algeria",2009,110.33,1706.32,51.36
31,"Algeria",2010,100.8,1747.33,50.58
31,"Algeria",2011,101.84,1730.34,52.17
31,"Algeria",2012,106.37,1717.75,47.99
31,"Algeria",2013,99.19,1727.68,45.49
31,"Algeria",2014,95.56,1727.51,50.03
31,"Algeria",2015,93.84,1719.66,52.25
31,"Algeria",2016,93.11,1759.11,48.84
31,"Algeria",2017,87.05,1766.98,47.77
31,"Algeria",2018,113.6,1693.48,71.04
31,"Algeria",2019,92.21,1748.79,45.78
31,"Algeria",2020,80.3,1831.51,51.7
31,"Algeria",2020,80.3,1831.51,51.7
27,"Angola",2003,970.5,1522.83,868.81
27,"Angola",2004,1005.97,1517.6,883.07
27,"Angola",2005,983.56,1527.49,863.11
27,"Angola",2006,1061.86,1481.55,916.32
27,"Angola",2007,975.8,1549.72,867.43
27,"Angola",2008,1044.72,1551.66,885.73
27,"Angola",2009,1078.14,1529.5,899.69
27,"Angola",2010,1075.26,1545.63,867.64
27,"Angola",2011,1122.99,1489.61,912.18
27,"Angola",2012,961.51,1525.71,852.35
27,"Angola",2013,967.71,1563.85,837.79
27,"Angola",2014,935.05,1537.1,872.48
27,"Angola",2015,900.88,1557.89,837.63
27,"Angola",2016,982.43,1569.7,870.6
27,"Angola",2017,923.56,1556.42,857.7
27,"Angola",2018,978.17,1552.67,880.54
27,"Angola",2019,953.65,1593.79,821.94
27,"Angola",2020,953.66,1544.63,897.59
27,"Angola",2020,953.66,1544.63,897.59
26,"Benin",2003,1276.02,1575.1,951.98
26,"Benin",2004,1103.38,1585.82,1080.31
26,"Benin",2005,1047.1,1587.25,1007.82
26,"Benin",2006,1041.63,1568.45,944.85
26,"Benin",2007,1195.36,1625.34,1001.63
26,"Benin",2008,1239.93,1634.76,1022
26,"Benin",2009,1188.27,1584.7,1001.54
26,"Benin",2010,1251.36,1555.83,1074.76
26,"Benin",2011,1085.93,1622.33,952.78
26,"Benin",2012,1206.13,1560.15,1060.27
26,"Benin",2013,964.32,1576.65,962.34
26,"Benin",2014,1059.54,1569.83,968.92
26,"Benin",2015,969.34,1646.61,983.89
26,"Benin",2016,1089.27,1621.26,1006.83
26,"Benin",2017,1064.74,1624.6,976.41
26,"Benin",2018,1197.29,1590.29,982.36
26,"Benin",2019,1250.85,1559.82,970.41
26,"Benin",2020,1157.01,1665.08,991.34
26,"Benin",2020,1157.01,1665.08,991.34
28,"Botswana",2003,273.07,1883.29,427.33
28,"Botswana",2004,387.04,1745.04,606.94
28,"Botswana",2005,363.7,1819.98,500.76
28,"Botswana",2006,606.17,1621.5,813.19
28,"Botswana",2007,351.96,1820.57,545.32
28,"Botswana",2008,415.24,1731.96,663
28,"Botswana",2009,534.77,1666.18,752.94
28,"Botswana",2010,493.91,1688.26,699.82
28,"Botswana",2011,467.41,1644.38,695.68
28,"Botswana",2012,333.29,1784.14,579.78
28,"Botswana",2013,286.95,1818.54,473.82
28,"Botswana",2014,476.71,1685.34,702.21
28,"Botswana",2015,244.39,1954.93,456.36
28,"Botswana",2016,430.88,1865.99,494.59
28,"Botswana",2017,579.5,1700.71,754.33
28,"Botswana",2018,368.64,1880.92,494.44
28,"Botswana",2019,262.13,1924.02,459.14
28,"Botswana",2020,481.19,1786.78,657.61
28,"Botswana",2020,481.19,1786.78,657.61
41,"Burkina Faso",2003,890.96,1771.92,773.15
41,"Burkina Faso",2004,692.61,1841.03,733.57
41,"Burkina Faso",2005,755.02,1835.02,742.77
41,"Burkina Faso",2006,751.89,1874.16,710.08
41,"Burkina Faso",2007,765.7,1900.1,737.42
41,"Burkina Faso",2008,781.61,1927.03,703.47
41,"Burkina Faso",2009,821.1,1813.86,688.68
41,"Burkina Faso",2010,868.37,1777.69,874.5
41,"Burkina Faso",2011,731.9,1868.37,630.37
41,"Burkina Faso",2012,877.67,1859.86,823.92
41,"Burkina Faso",2013,758.71,1822.5,665.23
41,"Burkina Faso",2014,794.85,1827.74,690.08
41,"Burkina Faso",2015,873.49,1917.01,806.65
41,"Burkina Faso",2016,834.15,1881.1,706.02
41,"Burkina Faso",2017,725.34,1883.53,737.97
41,"Burkina Faso",2018,867.33,1792.46,701.55
41,"Burkina Faso",2019,892.5,1828.34,669.42
41,"Burkina Faso",2020,886.52,1877.37,678.52
41,"Burkina Faso",2020,886.52,1877.37,678.52
34,"Burundi",2003,1071.55,1219.98,680.96
34,"Burundi",2004,1169.47,1196.26,685.06
34,"Burundi",2005,976.15,1190.77,677.07
34,"Burundi",2006,1295.36,1167.27,653.19
34,"Burundi",2007,1176,1167.51,705.33
34,"Burundi",2008,1072.26,1164.86,705.82
34,"Burundi",2009,1148.49,1185.82,707.14
34,"Burundi",2010,1189.23,1213.58,655.44
34,"Burundi",2011,1242.4,1122.37,782.89
34,"Burundi",2012,1184.45,1111.11,709.08
34,"Burundi",2013,1354.53,1162.05,714.74
34,"Burundi",2014,1143.09,1172.38,703.34
34,"Burundi",2015,1338.68,1171.38,701.18
34,"Burundi",2016,1241.35,1217.02,647.55
34,"Burundi",2017,1213.16,1172.79,716.81
34,"Burundi",2018,1501.42,1133.17,716.14
34,"Burundi",2019,1317.98,1133.74,748.71
34,"Burundi",2020,1465.27,1175.14,762.52
34,"Burundi",2020,1465.27,1175.14,762.52
38,"Cameroon",2003,1600.32,1475.79,1065.79
38,"Cameroon",2004,1642.48,1488.87,1085.09
38,"Cameroon",2005,1636.6,1507.84,1085.35
38,"Cameroon",2006,1744.9,1506.45,1059.49
38,"Cameroon",2007,1693.75,1509.5,1081.62
38,"Cameroon",2008,1626.81,1494.74,1060.37
38,"Cameroon",2009,1652.84,1477.08,1086.39
38,"Cameroon",2010,1718.43,1497.4,1062.94
38,"Cameroon",2011,1650.63,1489.96,1066.29
38,"Cameroon",2012,1659.19,1483.2,1101.54
38,"Cameroon",2013,1684.43,1471.35,1079.83
38,"Cameroon",2014,1512.21,1482.38,1064.17
38,"Cameroon",2015,1506.8,1528.03,1083.05
38,"Cameroon",2016,1692.59,1504.27,1092.71
38,"Cameroon",2017,1600.21,1509.08,1086.26
38,"Cameroon",2018,1659.65,1509.74,1096.18
38,"Cameroon",2019,1723.75,1478.62,1075.69
38,"Cameroon",2020,1665.12,1570.64,1085.92
38,"Cameroon",2020,1665.12,1570.64,1085.92
18,"Central African",2003,1473.48,1604.69,1161.62
18,"Central African",2004,1300.81,1655.95,1156.34
18,"Central African",2005,1375.79,1641.88,1144.65
18,"Central African",2006,1442.43,1615.62,1156.98
18,"Central African",2007,1377.39,1693.92,1157.89
18,"Central African",2008,1350.1,1639.77,1172.74
18,"Central African",2009,1358.1,1611.19,1184.57
18,"Central African",2010,1522.5,1577.28,1160.54
18,"Central African",2011,1384.9,1681.13,1138.94
18,"Central African",2012,1523.51,1642.65,1174.78
18,"Central African",2013,1517.86,1651.61,1202.63
18,"Central African",2014,1387.79,1648.95,1187.05
18,"Central African",2015,1357.3,1727.76,1191.23
18,"Central African",2016,1409.73,1707.27,1194.49
18,"Central African",2017,1459.07,1651.46,1162.13
18,"Central African",2018,1408.65,1700.07,1180.26
18,"Central African",2019,1489.08,1647.89,1156.97
18,"Central African",2020,1293.22,1778.93,1176.26
18,"Central African",2020,1293.22,1778.93,1176.26
30,"Chad",2003,330.74,2075.65,263.7
30,"Chad",2004,285.17,2141.03,259.35
30,"Chad",2005,336.6,2124.99,268.29
30,"Chad",2006,323.81,2131.59,252.75
30,"Chad",2007,270.19,2181.88,267.91
30,"Chad",2008,282.48,2172.73,253.56
30,"Chad",2009,265.34,2167.97,245.04
30,"Chad",2010,365.24,2125.68,288.11
30,"Chad",2011,302.66,2187.09,234.75
30,"Chad",2012,393.93,2098.77,304.65
30,"Chad",2013,290.12,2119.37,244.36
30,"Chad",2014,302.98,2089.33,255.42
30,"Chad",2015,305.58,2195.2,268.13
30,"Chad",2016,309.51,2164.07,267.17
30,"Chad",2017,338.36,2178.32,257.43
30,"Chad",2018,332.11,2084.8,291.6
30,"Chad",2019,386.29,2058.81,273.66
30,"Chad",2020,367.55,2156.47,274.79
30,"Chad",2020,367.55,2156.47,274.79
9,"Congo (DRC)",2003,1555.27,1433.98,1154.44
9,"Congo (DRC)",2004,1541.54,1453.19,1147.34
9,"Congo (DRC)",2005,1541.71,1454.7,1136.9
9,"Congo (DRC)",2006,1623.71,1413.85,1138.97
9,"Congo (DRC)",2007,1580.68,1441.42,1156.66
9,"Congo (DRC)",2008,1600.04,1454.44,1141.97
9,"Congo (DRC)",2009,1597.95,1445.69,1163.42
9,"Congo (DRC)",2010,1566.22,1461.59,1105.45
9,"Congo (DRC)",2011,1570.63,1443.2,1147.42
9,"Congo (DRC)",2012,1593.09,1440.83,1166.22
9,"Congo (DRC)",2013,1607.57,1475.88,1148.55
9,"Congo (DRC)",2014,1555.38,1460.75,1152.08
9,"Congo (DRC)",2015,1529.36,1484.28,1163.64
9,"Congo (DRC)",2016,1552.96,1515.58,1146.55
9,"Congo (DRC)",2017,1635.36,1472.67,1140.03
9,"Congo (DRC)",2018,1692.79,1462.67,1152.49
9,"Congo (DRC)",2019,1646.17,1463.16,1148.59
9,"Congo (DRC)",2020,1525.15,1498.85,1155.29
9,"Congo (DRC)",2020,1525.15,1498.85,1155.29
22,"Cote D'Ivoire",2003,1455.3,1439.45,1114.43
22,"Cote D'Ivoire",2004,1324.34,1429.93,1180.98
22,"Cote D'Ivoire",2005,1294.32,1434.6,1182.08
22,"Cote D'Ivoire",2006,1290.12,1462.82,1133.03
22,"Cote D'Ivoire",2007,1266.12,1496.44,1186.48
22,"Cote D'Ivoire",2008,1437.84,1489.88,1132.57
22,"Cote D'Ivoire",2009,1256.9,1450.72,1167.2
22,"Cote D'Ivoire",2010,1599.71,1432.31,1132.18
22,"Cote D'Ivoire",2011,1370.31,1458.18,1159.7
22,"Cote D'Ivoire",2012,1359.14,1449.28,1183.27
22,"Cote D'Ivoire",2013,1212.24,1474.53,1157.46
22,"Cote D'Ivoire",2014,1405.1,1432.6,1152.85
22,"Cote D'Ivoire",2015,1142.17,1477.19,1147.94
22,"Cote D'Ivoire",2016,1236.65,1500.6,1138.92
22,"Cote D'Ivoire",2017,1294.52,1456.36,1108.45
22,"Cote D'Ivoire",2018,1431.2,1447.59,1115.25
22,"Cote D'Ivoire",2019,1367.75,1449.22,1114.35
22,"Cote D'Ivoire",2020,1297.7,1507.33,1124.98
22,"Cote D'Ivoire",2020,1297.7,1507.33,1124.98
20,"Djibouti",2003,154.16,1665.53,309.66
20,"Djibouti",2004,117.58,1610.94,200.24
20,"Djibouti",2005,113.37,1651.69,315.99
20,"Djibouti",2006,163.96,1608.01,260.02
20,"Djibouti",2007,126.48,1681.63,285.27
20,"Djibouti",2008,110.13,1648.39,266.3
20,"Djibouti",2009,103.53,1631.67,263.95
20,"Djibouti",2010,169.28,1644.11,317.98
20,"Djibouti",2011,151.3,1634.2,293.13
20,"Djibouti",2012,101.57,1676.92,354.55
20,"Djibouti",2013,186.13,1621,311.13
20,"Djibouti",2014,125.59,1626.56,275.81
20,"Djibouti",2015,116.74,1626.75,237.11
20,"Djibouti",2016,178.68,1652.43,239.03
20,"Djibouti",2017,168.59,1677.16,292.86
20,"Djibouti",2018,153.16,1687.66,306.45
20,"Djibouti",2019,165.28,1681.14,214.78
20,"Djibouti",2020,214.15,1616.94,195.33
20,"Djibouti",2020,214.15,1616.94,195.33
45,"Egypt",2003,24.46,1593.24,52.29
45,"Egypt",2004,26.85,1613.08,52.82
45,"Egypt",2005,23.44,1592.77,53.62
45,"Egypt",2006,24.02,1554.78,52.84
45,"Egypt",2007,22.92,1570,52.92
45,"Egypt",2008,24.25,1622.36,53.75
45,"Egypt",2009,21.2,1597.37,53.16
45,"Egypt",2010,20.25,1630.85,49.83
45,"Egypt",2011,22.48,1545.92,52.47
45,"Egypt",2012,26.16,1577.32,51.95
45,"Egypt",2013,27.2,1636.86,51.41
45,"Egypt",2014,23.3,1561.95,51.15
45,"Egypt",2015,27.08,1595.4,56.53
45,"Egypt",2016,33.18,1613.46,49.36
45,"Egypt",2017,24.72,1596.46,50.5
45,"Egypt",2018,30.82,1578.85,52.79
45,"Egypt",2019,26.96,1577.42,51.43
45,"Egypt",2020,29.78,1552.91,54.18
45,"Egypt",2020,29.78,1552.91,54.18
47,"Equatorial Guinea",2003,2323.2,1364.16,1122.11
47,"Equatorial Guinea",2004,2199.58,1365.75,1116.03
47,"Equatorial Guinea",2005,2128.3,1398.38,1140.55
47,"Equatorial Guinea",2006,2305.28,1368.16,1130.97
47,"Equatorial Guinea",2007,2452.96,1389.12,1124.46
47,"Equatorial Guinea",2008,2092.86,1364.55,1110.3
47,"Equatorial Guinea",2009,2210.77,1346.79,1126.29
47,"Equatorial Guinea",2010,2236,1372.59,1077.79
47,"Equatorial Guinea",2011,2090.29,1365.17,1133.81
47,"Equatorial Guinea",2012,2126.55,1372.61,1112.72
47,"Equatorial Guinea",2013,2239.65,1343.52,1120.06
47,"Equatorial Guinea",2014,2177.36,1331.7,1123.6
47,"Equatorial Guinea",2015,1723.64,1322.58,1134.28
47,"Equatorial Guinea",2016,2169.94,1344.38,1111.66
47,"Equatorial Guinea",2017,2121.46,1356.1,1125.05
47,"Equatorial Guinea",2018,2257.9,1360.44,1091.01
47,"Equatorial Guinea",2019,2229.73,1397.72,1114.14
47,"Equatorial Guinea",2020,2311.51,1423.66,1080.32
47,"Equatorial Guinea",2020,2311.51,1423.66,1080.32
21,"Eritrea",2003,345.08,1414.96,383.62
21,"Eritrea",2004,310.65,1417.55,308.47
21,"Eritrea",2005,362.17,1414.36,437.31
21,"Eritrea",2006,373.07,1377.29,384.7
21,"Eritrea",2007,385.93,1382.99,403.69
21,"Eritrea",2008,340.72,1426.55,345.06
21,"Eritrea",2009,302.93,1447.93,341.48
21,"Eritrea",2010,360.67,1420.06,416.08
21,"Eritrea",2011,295.27,1411,385.23
21,"Eritrea",2012,343.97,1423.63,424.17
21,"Eritrea",2013,312.97,1414.94,385.32
21,"Eritrea",2014,363.26,1384,376.46
21,"Eritrea",2015,319.58,1451.65,342.95
21,"Eritrea",2016,373.88,1408.9,394.16
21,"Eritrea",2017,362.23,1454.58,396.93
21,"Eritrea",2018,394.1,1437.18,459.03
21,"Eritrea",2019,435.9,1402.33,367.09
21,"Eritrea",2020,403.72,1413.68,355.41
21,"Eritrea",2020,403.72,1413.68,355.41
1,"Ethiopia",2003,789.13,1541.76,551.27
1,"Ethiopia",2004,758.72,1542.65,545.11
1,"Ethiopia",2005,785.02,1552.93,584.56
1,"Ethiopia",2006,935.58,1493.72,613.46
1,"Ethiopia",2007,863.95,1551.72,602.61
1,"Ethiopia",2008,818.08,1571.36,557.35
1,"Ethiopia",2009,711.17,1578.44,531.91
1,"Ethiopia",2010,851.14,1530.78,605.68
1,"Ethiopia",2011,819.27,1565.54,570.61
1,"Ethiopia",2012,822.77,1587.67,587.37
1,"Ethiopia",2013,886.82,1515.53,620.43
1,"Ethiopia",2014,836.53,1519.54,593.16
1,"Ethiopia",2015,752.17,1568.28,565.81
1,"Ethiopia",2016,815.01,1590.57,570.71
1,"Ethiopia",2017,836.39,1593.81,574.36
1,"Ethiopia",2018,871.55,1521.84,641.83
1,"Ethiopia",2019,980.71,1531.33,608.94
1,"Ethiopia",2020,893.66,1520.64,626.93
1,"Ethiopia",2020,893.66,1520.64,626.93
39,"Gabon",2003,1946.06,1366.36,1103.75
39,"Gabon",2004,1691.49,1352.46,1085.62
39,"Gabon",2005,1695.01,1380.19,1089.92
39,"Gabon",2006,1798.19,1374.93,1072.06
39,"Gabon",2007,2010.01,1388.17,1096.65
39,"Gabon",2008,1809.22,1382.79,1088.9
39,"Gabon",2009,1769.36,1340.37,1089.71
39,"Gabon",2010,1863.72,1365.64,1053.45
39,"Gabon",2011,1851.91,1350.93,1092.41
39,"Gabon",2012,1967.24,1360.05,1105.57
39,"Gabon",2013,1975.41,1363.3,1082.38
39,"Gabon",2014,1973.34,1330.72,1103.68
39,"Gabon",2015,1506.09,1332.76,1094.18
39,"Gabon",2016,1844.48,1375.95,1096.98
39,"Gabon",2017,1904.86,1369.4,1092.09
39,"Gabon",2018,1912.3,1363.36,1084.53
39,"Gabon",2019,1952.8,1386.88,1080.77
39,"Gabon",2020,2005.39,1402.28,1094.81
39,"Gabon",2020,2005.39,1402.28,1094.81
48,"Gambia",2003,849.53,1728.62,927.09
48,"Gambia",2004,786.94,1762.03,906.49
48,"Gambia",2005,907.95,1721.96,863.66
48,"Gambia",2006,788.8,1805.26,904.03
48,"Gambia",2007,667.15,1829.36,820.14
48,"Gambia",2008,908.79,1734.62,909.59
48,"Gambia",2009,1009.61,1798.23,916.98
48,"Gambia",2010,875.09,1639.4,1013
48,"Gambia",2011,688.35,1827.67,869.98
48,"Gambia",2012,845.38,1824.41,962.58
48,"Gambia",2013,726.53,1759.42,880.54
48,"Gambia",2014,610.95,1817.82,809.61
48,"Gambia",2015,914.39,1800.07,911.3
48,"Gambia",2016,808.72,1835.68,889.95
48,"Gambia",2017,839.34,1854.13,858.92
48,"Gambia",2018,739.43,1811.24,882.93
48,"Gambia",2019,730.16,1880.77,750.49
48,"Gambia",2020,1025.2,1828.64,929.05
48,"Gambia",2020,1025.2,1828.64,929.05
43,"Ghana",2003,1272.13,1499.06,1039.15
43,"Ghana",2004,1164.7,1475.35,1114.78
43,"Ghana",2005,1133.43,1498.04,1059.85
43,"Ghana",2006,1180.92,1486.23,1018.59
43,"Ghana",2007,1396.55,1530.15,1035.77
43,"Ghana",2008,1343.17,1548.61,1036.82
43,"Ghana",2009,1288.13,1491.25,1068.57
43,"Ghana",2010,1394.41,1467.2,1061.76
43,"Ghana",2011,1355.12,1509.47,1025.87
43,"Ghana",2012,1201.39,1491.21,1102.69
43,"Ghana",2013,894.25,1525.18,1026.79
43,"Ghana",2014,1100.87,1480.49,1022.08
43,"Ghana",2015,1007.6,1547.32,1028.3
43,"Ghana",2016,1163.11,1550.55,1018.36
43,"Ghana",2017,1113.13,1506.94,982.03
43,"Ghana",2018,1206.5,1513.85,1001.35
43,"Ghana",2019,1318.68,1490.24,991.12
43,"Ghana",2020,1119.05,1569.37,978.24
43,"Ghana",2020,1119.05,1569.37,978.24
16,"Guinea",2003,1717.19,1502.44,1109.25
16,"Guinea",2004,1568.6,1504.66,1126.87
16,"Guinea",2005,1683.73,1491.63,1119.71
16,"Guinea",2006,1697.97,1547.02,1084.38
16,"Guinea",2007,1607.91,1562.29,1084.65
16,"Guinea",2008,1835.12,1519.9,1123.81
16,"Guinea",2009,1752.99,1533.77,1077.09
16,"Guinea",2010,1929.17,1461.94,1122.73
16,"Guinea",2011,1819.36,1521.15,1073.59
16,"Guinea",2012,1755.89,1525.49,1155.36
16,"Guinea",2013,1847.68,1542.46,1062.21
16,"Guinea",2014,1652.5,1524.27,1078.73
16,"Guinea",2015,1802.87,1527.84,1122.73
16,"Guinea",2016,1783.93,1544.94,1088.02
16,"Guinea",2017,1692.86,1532.94,1094.92
16,"Guinea",2018,1783.66,1516.39,1044.52
16,"Guinea",2019,1779.4,1551.2,1016.71
16,"Guinea",2020,1707.26,1551.84,1083.62
16,"Guinea",2020,1707.26,1551.84,1083.62
44,"Guinea-Bissau",2003,1970.14,1634.82,1138.86
44,"Guinea-Bissau",2004,1593.67,1668.3,1290.27
44,"Guinea-Bissau",2005,1652.37,1655.37,1179.51
44,"Guinea-Bissau",2006,1835.23,1718.66,1204.67
44,"Guinea-Bissau",2007,1362.34,1672.16,1158.49
44,"Guinea-Bissau",2008,1806.74,1631.76,1227.39
44,"Guinea-Bissau",2009,1614.73,1708.87,1202.22
44,"Guinea-Bissau",2010,1752.76,1542.48,1228.92
44,"Guinea-Bissau",2011,1609.32,1681.29,1219.36
44,"Guinea-Bissau",2012,1586.09,1690.82,1188.52
44,"Guinea-Bissau",2013,1550.65,1622.66,1196.08
44,"Guinea-Bissau",2014,1439.39,1666.64,1160.01
44,"Guinea-Bissau",2015,1825.02,1653.44,1141.51
44,"Guinea-Bissau",2016,1538.02,1633.25,1180.2
44,"Guinea-Bissau",2017,1692.07,1711.46,1231.9
44,"Guinea-Bissau",2018,1585.97,1646.09,1111.38
44,"Guinea-Bissau",2019,1557.57,1741.33,1071.54
44,"Guinea-Bissau",2020,2039.2,1647.64,1189.14
44,"Guinea-Bissau",2020,2039.2,1647.64,1189.14
4,"Kenya",2003,604.25,1778.02,406.32
4,"Kenya",2004,586.97,1783.15,420.51
4,"Kenya",2005,458.42,1860.98,372.56
4,"Kenya",2006,816.57,1749.61,456.63
4,"Kenya",2007,594.27,1755.19,495.21
4,"Kenya",2008,529.88,1798.15,411.34
4,"Kenya",2009,506.43,1863.17,340.91
4,"Kenya",2010,627.68,1790.24,440.28
4,"Kenya",2011,658.71,1778.12,424.47
4,"Kenya",2012,651.65,1782.44,423.83
4,"Kenya",2013,675.19,1724.18,452.38
4,"Kenya",2014,580.15,1750.92,406.41
4,"Kenya",2015,676.37,1780.18,401.89
4,"Kenya",2016,539.83,1825.62,382.76
4,"Kenya",2017,555.04,1851.15,362.71
4,"Kenya",2018,889.01,1707.97,494.81
4,"Kenya",2019,837.63,1767.63,455.61
4,"Kenya",2020,849.47,1669.01,549.22
4,"Kenya",2020,849.47,1669.01,549.22
37,"Lesotho",2003,579.32,1083.84,391.74
37,"Lesotho",2004,745.73,999.58,441.34
37,"Lesotho",2005,694.69,1078.92,452.65
37,"Lesotho",2006,895.99,937.6,523.7
37,"Lesotho",2007,691.69,1091.98,428.65
37,"Lesotho",2008,717.95,1088.32,425.32
37,"Lesotho",2009,729.53,1050.06,484.26
37,"Lesotho",2010,784.75,1081.15,460.56
37,"Lesotho",2011,733.82,1035.95,469.11
37,"Lesotho",2012,730.11,1081.07,415.48
37,"Lesotho",2013,659.24,1128.14,376.69
37,"Lesotho",2014,686.27,1078.58,453.53
37,"Lesotho",2015,563.06,1182.07,297.74
37,"Lesotho",2016,649.43,1115.41,348.48
37,"Lesotho",2017,680.05,1087.14,380.85
37,"Lesotho",2018,744.59,1120.41,372.29
37,"Lesotho",2019,690.72,1206.16,281.02
37,"Lesotho",2020,780.9,1075.46,473.22
37,"Lesotho",2020,780.9,1075.46,473.22
17,"Liberia",2003,2618.3,1428.09,1402.38
17,"Liberia",2004,2604.89,1422.64,1433.46
17,"Liberia",2005,2412.5,1411.5,1438.23
17,"Liberia",2006,2477.11,1446.47,1426.6
17,"Liberia",2007,2611.63,1450.95,1426.71
17,"Liberia",2008,2839.97,1454.77,1402.44
17,"Liberia",2009,2134.63,1467.72,1409.02
17,"Liberia",2010,3062.61,1404.35,1351.04
17,"Liberia",2011,2614.2,1440.65,1426.16
17,"Liberia",2012,2444.22,1434.87,1393.39
17,"Liberia",2013,2317.14,1453.93,1405.39
17,"Liberia",2014,2570.83,1419.12,1410.72
17,"Liberia",2015,2141.16,1468.29,1408.39
17,"Liberia",2016,2477.66,1468.38,1385.58
17,"Liberia",2017,2553.01,1423.63,1404.95
17,"Liberia",2018,2551.23,1417.34,1395.96
17,"Liberia",2019,2463.94,1434.7,1394.79
17,"Liberia",2020,2426.3,1459.24,1388.09
17,"Liberia",2020,2426.3,1459.24,1388.09
12,"Libya",2003,43.17,1594.05,6.81
12,"Libya",2004,45.79,1609.87,7.4
12,"Libya",2005,47.56,1607.17,8
12,"Libya",2006,49.48,1547.31,8.38
12,"Libya",2007,46.58,1592.85,7.33
12,"Libya",2008,51.47,1605.5,9.57
12,"Libya",2009,41.99,1601.63,6.46
12,"Libya",2010,38.64,1652.85,6.06
12,"Libya",2011,48.69,1543.94,9.28
12,"Libya",2012,45.91,1575.16,7.36
12,"Libya",2013,49.16,1668.39,6.96
12,"Libya",2014,51.95,1600.6,6.58
12,"Libya",2015,51.11,1531.71,10.32
12,"Libya",2016,45.3,1641.43,5.51
12,"Libya",2017,52.23,1543.85,7.59
12,"Libya",2018,57.41,1611.09,7.89
12,"Libya",2019,56.31,1588.53,8.82
12,"Libya",2020,52.17,1574.49,7.13
12,"Libya",2020,52.17,1574.49,7.13
49,"Madagascar",2003,1592.7,1502.21,745.3
49,"Madagascar",2004,1612.15,1511.48,740.79
49,"Madagascar",2005,1421.2,1541.65,708.73
49,"Madagascar",2006,1323.93,1548.76,679.35
49,"Madagascar",2007,1672.93,1508.39,753.49
49,"Madagascar",2008,1358.48,1510.01,734.02
49,"Madagascar",2009,1357.11,1515.07,735.03
49,"Madagascar",2010,1367.4,1538.39,659.07
49,"Madagascar",2011,1545.29,1494.54,738.25
49,"Madagascar",2012,1525.53,1504.49,749.72
49,"Madagascar",2013,1364.89,1544.22,691.05
49,"Madagascar",2014,1416.53,1533.04,697.69
49,"Madagascar",2015,1570.12,1479.7,731.65
49,"Madagascar",2016,1248.9,1548.68,702
49,"Madagascar",2017,1438.01,1536.19,701.63
49,"Madagascar",2018,1500.12,1547.47,706.13
49,"Madagascar",2019,1698.24,1529.08,725.99
49,"Madagascar",2020,1246.63,1568.67,676.81
49,"Madagascar",2020,1246.63,1568.67,676.81
5,"Malawi",2003,1101.25,1520.32,808.75
5,"Malawi",2004,1172.32,1483.05,800.34
5,"Malawi",2005,764.64,1645.47,748.15
5,"Malawi",2006,1221.67,1525.14,820.68
5,"Malawi",2007,1147.14,1501.89,830.23
5,"Malawi",2008,848.71,1527.18,799.04
5,"Malawi",2009,1146.37,1507.61,819.52
5,"Malawi",2010,1097.62,1548.56,755.27
5,"Malawi",2011,998.37,1560.16,784.19
5,"Malawi",2012,1163.53,1552.17,787.84
5,"Malawi",2013,1038.81,1584.34,765.9
5,"Malawi",2014,1005.25,1553.93,761.96
5,"Malawi",2015,945.93,1596.12,763.28
5,"Malawi",2016,913.36,1627.9,720.17
5,"Malawi",2017,1193.63,1515.68,784.2
5,"Malawi",2018,1094.12,1549.84,764.26
5,"Malawi",2019,1317.7,1527.5,796.08
5,"Malawi",2020,998.1,1574,784.45
5,"Malawi",2020,998.1,1574,784.45
23,"Mali",2003,315.54,1950.15,331.82
23,"Mali",2004,288.42,2062.15,268.33
23,"Mali",2005,298.43,2008.13,293.91
23,"Mali",2006,293.1,2042.27,290.11
23,"Mali",2007,296.1,2116.4,274.97
23,"Mali",2008,329.49,2067.22,281.42
23,"Mali",2009,320.04,1984.25,287.29
23,"Mali",2010,376.84,1972,360.36
23,"Mali",2011,288.96,2075.81,258.72
23,"Mali",2012,374.49,2068.44,350.53
23,"Mali",2013,354.96,2032.41,264.61
23,"Mali",2014,300.41,2022.89,278.4
23,"Mali",2015,347.89,2091.07,324.74
23,"Mali",2016,320.2,2048.18,282.16
23,"Mali",2017,305.27,2084.26,303.58
23,"Mali",2018,364.53,2019.21,308.71
23,"Mali",2019,328.21,2066.16,245.59
23,"Mali",2020,367.63,2100.48,295.49
23,"Mali",2020,367.63,2100.48,295.49
46,"Mauritania",2003,124.17,2092.72,109.2
46,"Mauritania",2004,81.45,2134.58,61.64
46,"Mauritania",2005,90.78,2120.39,74.55
46,"Mauritania",2006,85.01,2095.72,70.94
46,"Mauritania",2007,83.1,2189.2,59.32
46,"Mauritania",2008,103.5,2188.74,69.89
46,"Mauritania",2009,105.87,2035.77,77.49
46,"Mauritania",2010,131.22,2023.77,87.82
46,"Mauritania",2011,76.74,2137.1,50.48
46,"Mauritania",2012,112.55,2181.1,95.22
46,"Mauritania",2013,102.06,2124.38,61.58
46,"Mauritania",2014,78.55,2104.78,56.13
46,"Mauritania",2015,100.4,2229.81,81.93
46,"Mauritania",2016,98.63,2155.66,61.72
46,"Mauritania",2017,83.5,2218.48,64.47
46,"Mauritania",2018,97.29,2131.51,101.98
46,"Mauritania",2019,78.23,2167.4,47.77
46,"Mauritania",2020,106.18,2234.37,94.13
46,"Mauritania",2020,106.18,2234.37,94.13
50,"Morocco",2003,229.09,1376.75,179.56
50,"Morocco",2004,197.47,1362.57,183.66
50,"Morocco",2005,184.48,1384.58,136.59
50,"Morocco",2006,235.99,1346.6,198.48
50,"Morocco",2007,194.25,1388.45,155.11
50,"Morocco",2008,235.02,1411.84,181.94
50,"Morocco",2009,242.96,1351.29,173.77
50,"Morocco",2010,296.56,1355.17,180.92
50,"Morocco",2011,229.41,1378.23,195.49
50,"Morocco",2012,213.2,1410.14,162.27
50,"Morocco",2013,194.83,1409.75,135.82
50,"Morocco",2014,246.1,1387.23,168.88
50,"Morocco",2015,176.72,1437.67,153.03
50,"Morocco",2016,219.97,1402.51,137.93
50,"Morocco",2017,154.74,1465.81,129.81
50,"Morocco",2018,257.8,1380.09,235.79
50,"Morocco",2019,164.44,1429.13,133.46
50,"Morocco",2020,165.99,1485.69,149.97
50,"Morocco",2020,165.99,1485.69,149.97
32,"Mozambique",2003,1001.67,1610.76,831.91
32,"Mozambique",2004,1082.9,1589.48,880.13
32,"Mozambique",2005,765.72,1693.75,736.28
32,"Mozambique",2006,1043.92,1616.56,837.61
32,"Mozambique",2007,1138.79,1596.08,854.74
32,"Mozambique",2008,951.94,1621.18,785.99
32,"Mozambique",2009,924.8,1597.28,843.2
32,"Mozambique",2010,948.56,1623.36,769.85
32,"Mozambique",2011,928.9,1646.96,830.04
32,"Mozambique",2012,950.6,1644.57,785.27
32,"Mozambique",2013,981.91,1619.4,810.52
32,"Mozambique",2014,1008,1595.51,824.13
32,"Mozambique",2015,849.04,1649.03,794.69
32,"Mozambique",2016,907.32,1672.31,716.99
32,"Mozambique",2017,1132.26,1557.42,858.77
32,"Mozambique",2018,979.85,1628.29,836.68
32,"Mozambique",2019,1087.68,1617.93,838.22
32,"Mozambique",2020,843.39,1659.11,758.17
32,"Mozambique",2020,843.39,1659.11,758.17
10,"Namibia",2003,199.07,1586.3,224.62
10,"Namibia",2004,260.73,1577.45,289.31
10,"Namibia",2005,221.5,1572.96,264.04
10,"Namibia",2006,419.87,1489.76,494.78
10,"Namibia",2007,169.15,1658.18,234.66
10,"Namibia",2008,333.06,1554.6,390.26
10,"Namibia",2009,340.97,1552.62,367.17
10,"Namibia",2010,296.9,1577.3,317.98
10,"Namibia",2011,427.27,1455.51,502.23
10,"Namibia",2012,290.74,1540.99,357.03
10,"Namibia",2013,183.22,1643.29,217.04
10,"Namibia",2014,283.11,1557.66,371.55
10,"Namibia",2015,166.79,1631.81,207.52
10,"Namibia",2016,217.18,1648.43,217.48
10,"Namibia",2017,287.83,1580.15,359.81
10,"Namibia",2018,194.14,1621.37,240.77
10,"Namibia",2019,125.93,1714.07,172.26
10,"Namibia",2020,219.75,1649.13,296.74
10,"Namibia",2020,219.75,1649.13,296.74
40,"Niger",2003,170.29,1901.84,93.66
40,"Niger",2004,130.4,1928.83,76.4
40,"Niger",2005,158.59,1934.41,98.43
40,"Niger",2006,141.55,1919.09,79.62
40,"Niger",2007,150.51,1983.47,96.1
40,"Niger",2008,147.68,1954.8,78.15
40,"Niger",2009,118.69,1918.05,65.39
40,"Niger",2010,161.85,1890.33,122.69
40,"Niger",2011,131.26,2002.22,73.93
40,"Niger",2012,173.35,1926.3,110.49
40,"Niger",2013,139.91,1851.04,70.92
40,"Niger",2014,135.59,1855.65,82.58
40,"Niger",2015,148.1,1961.01,118.07
40,"Niger",2016,146.83,1922.7,94.49
40,"Niger",2017,136.95,1964.62,90.3
40,"Niger",2018,175.06,1863.05,96.88
40,"Niger",2019,158.91,1904.05,79.63
40,"Niger",2020,185.85,1940.1,95.04
40,"Niger",2020,185.85,1940.1,95.04
25,"Nigeria",2003,1229.52,1588.35,863.95
25,"Nigeria",2004,1194.86,1621.53,908.61
25,"Nigeria",2005,1154.52,1625.15,893.44
25,"Nigeria",2006,1304.02,1637.28,868.27
25,"Nigeria",2007,1255.71,1642.63,899.83
25,"Nigeria",2008,1278,1638.75,866.83
25,"Nigeria",2009,1271.23,1596.7,877.36
25,"Nigeria",2010,1286.93,1599.42,903.85
25,"Nigeria",2011,1220.7,1644.36,848.72
25,"Nigeria",2012,1304.16,1561.61,913.38
25,"Nigeria",2013,1047.82,1544.5,848.83
25,"Nigeria",2014,1159.73,1555.47,851.79
25,"Nigeria",2015,1115.37,1681.68,889.71
25,"Nigeria",2016,1207.54,1611.16,879.33
25,"Nigeria",2017,1122.22,1650.01,846.21
25,"Nigeria",2018,1309.87,1595.99,868.77
25,"Nigeria",2019,1363.59,1552.5,871.67
25,"Nigeria",2020,1214,1669.37,872.39
25,"Nigeria",2020,1214,1669.37,872.39
8,"Republic of the Congo",2003,1670.56,1396.73,1024.81
8,"Republic of the Congo",2004,1516.08,1399.27,1011.9
8,"Republic of the Congo",2005,1538.05,1423.83,1009.03
8,"Republic of the Congo",2006,1654.75,1395.28,1010.01
8,"Republic of the Congo",2007,1711.27,1421.26,1022.78
8,"Republic of the Congo",2008,1720.21,1408.87,1012.91
8,"Republic of the Congo",2009,1597.62,1387.48,1015.38
8,"Republic of the Congo",2010,1628.96,1414.51,980.92
8,"Republic of the Congo",2011,1666.02,1400.04,1015.04
8,"Republic of the Congo",2012,1583.83,1394.56,1024.27
8,"Republic of the Congo",2013,1551.88,1422.85,1016.6
8,"Republic of the Congo",2014,1588.26,1397.91,1016.81
8,"Republic of the Congo",2015,1449.43,1424.86,1008.79
8,"Republic of the Congo",2016,1650.77,1440.69,1018.97
8,"Republic of the Congo",2017,1735.79,1389.35,1029.47
8,"Republic of the Congo",2018,1653.43,1417.67,1015.33
8,"Republic of the Congo",2019,1679.67,1414.7,1018.18
8,"Republic of the Congo",2020,1638.96,1426.53,1016.67
8,"Republic of the Congo",2020,1638.96,1426.53,1016.67
35,"Rwanda",2003,1020.5,1073.22,570.51
35,"Rwanda",2004,1134.17,1064.13,591.02
35,"Rwanda",2005,1015.08,1056.83,583.31
35,"Rwanda",2006,1268.91,1036.74,558.04
35,"Rwanda",2007,1154.35,1033.86,669.85
35,"Rwanda",2008,942.25,1031.98,646.36
35,"Rwanda",2009,1114.39,1053.36,640.23
35,"Rwanda",2010,1230.71,1074.19,616.41
35,"Rwanda",2011,1266.54,1002.18,700.78
35,"Rwanda",2012,1236.05,1001.55,622.59
35,"Rwanda",2013,1153.99,1036.81,614.57
35,"Rwanda",2014,1000.24,1025.68,636.49
35,"Rwanda",2015,1084.54,1040.49,615.02
35,"Rwanda",2016,1130.51,1084.29,566.87
35,"Rwanda",2017,1057.12,1032.75,583.07
35,"Rwanda",2018,1363.95,1020.13,677.41
35,"Rwanda",2019,1153.56,1004.19,664.29
35,"Rwanda",2020,1245.5,1033.49,680.51
35,"Rwanda",2020,1245.5,1033.49,680.51
24,"Senegal",2003,649.93,1839.67,813.26
24,"Senegal",2004,583.25,1880.04,718.01
24,"Senegal",2005,694.13,1810.81,773.86
24,"Senegal",2006,580.07,1918.69,656.88
24,"Senegal",2007,574.84,1961.62,638.58
24,"Senegal",2008,665.81,1850.89,755.41
24,"Senegal",2009,713.76,1868.35,787.05
24,"Senegal",2010,781.47,1771.8,883.12
24,"Senegal",2011,565.58,1952.47,678.33
24,"Senegal",2012,728.48,1923.62,813.86
24,"Senegal",2013,645.05,1847.82,717.95
24,"Senegal",2014,522.34,1918.65,648.12
24,"Senegal",2015,719.24,1923.6,754.68
24,"Senegal",2016,620.69,1977.41,682.15
24,"Senegal",2017,633.06,1961.22,689.13
24,"Senegal",2018,598.45,1981.18,772.47
24,"Senegal",2019,561.25,2022.17,570.63
24,"Senegal",2020,766.5,1965.26,782.61
24,"Senegal",2020,766.5,1965.26,782.61
15,"Sierra Leone",2003,2351.77,1448,1384.18
15,"Sierra Leone",2004,2342.85,1427.15,1410.41
15,"Sierra Leone",2005,2374.86,1402.17,1441.37
15,"Sierra Leone",2006,2659.17,1446.5,1375.61
15,"Sierra Leone",2007,2611.58,1461.38,1385.97
15,"Sierra Leone",2008,2726.03,1409.76,1394.89
15,"Sierra Leone",2009,2340.46,1493.13,1277.99
15,"Sierra Leone",2010,2710.46,1394.65,1334.69
15,"Sierra Leone",2011,2739.59,1421.09,1380.8
15,"Sierra Leone",2012,2474.84,1418.16,1361.62
15,"Sierra Leone",2013,2590.57,1463.2,1332.29
15,"Sierra Leone",2014,2673.85,1433.34,1312.74
15,"Sierra Leone",2015,2382.21,1442.95,1343.41
15,"Sierra Leone",2016,2733,1465.73,1299.9
15,"Sierra Leone",2017,2707.56,1447.7,1372.42
15,"Sierra Leone",2018,2407.6,1435.15,1316.76
15,"Sierra Leone",2019,2624.07,1455.45,1303.35
15,"Sierra Leone",2020,2435.06,1429.36,1322.36
15,"Sierra Leone",2020,2435.06,1429.36,1322.36
3,"Somalia",2003,274.12,1997.93,403.93
3,"Somalia",2004,281.65,2003.12,460.46
3,"Somalia",2005,238.59,1999.53,425.59
3,"Somalia",2006,373.3,1934.69,459.14
3,"Somalia",2007,293,2015.2,419.28
3,"Somalia",2008,255.87,2013.21,405.75
3,"Somalia",2009,275.71,1996.37,412.91
3,"Somalia",2010,280.35,2036.87,393.99
3,"Somalia",2011,332.74,2012.33,392.12
3,"Somalia",2012,304.9,2041.47,431.97
3,"Somalia",2013,363.66,1996.07,481.94
3,"Somalia",2014,279.35,2000.62,374.94
3,"Somalia",2015,320.24,1961.78,417.4
3,"Somalia",2016,212.02,2088.35,364.34
3,"Somalia",2017,253.56,2064.93,361
3,"Somalia",2018,343.8,1965.4,443.61
3,"Somalia",2019,401.45,1967.94,405.65
3,"Somalia",2020,316.28,2022.66,405.43
3,"Somalia",2020,316.28,2022.66,405.43
11,"South Africa",2003,343.37,1423.71,378.39
11,"South Africa",2004,448.02,1388.88,419.22
11,"South Africa",2005,414.02,1398.01,429.75
11,"South Africa",2006,549.18,1329.46,557.73
11,"South Africa",2007,425.72,1442.14,458.62
11,"South Africa",2008,431.68,1407.42,469.6
11,"South Africa",2009,482.2,1392.03,507.74
11,"South Africa",2010,459.23,1406.42,466.31
11,"South Africa",2011,454.71,1348.66,581.03
11,"South Africa",2012,429.74,1414.09,482.9
11,"South Africa",2013,417.56,1462.99,427.07
11,"South Africa",2014,422.29,1418.19,478.84
11,"South Africa",2015,342.18,1483.1,367.93
11,"South Africa",2016,411.61,1474.95,360.33
11,"South Africa",2017,436.73,1448.98,449.72
11,"South Africa",2018,428.21,1472.5,389.84
11,"South Africa",2019,399.5,1506.53,344.35
11,"South Africa",2020,493.59,1414.62,482.59
11,"South Africa",2020,493.59,1414.62,482.59
2,"South Sudan",2003,1087.7,1736.4,779.82
2,"South Sudan",2004,871.54,1813.55,762.18
2,"South Sudan",2005,859.04,1792.94,770.28
2,"South Sudan",2006,951.58,1749.09,859.65
2,"South Sudan",2007,981.9,1818.87,878.19
2,"South Sudan",2008,813.64,1771.87,903.07
2,"South Sudan",2009,791.32,1800.83,783.95
2,"South Sudan",2010,1021.83,1730.38,816.79
2,"South Sudan",2011,1034,1819.08,825.87
2,"South Sudan",2012,1119.48,1817.3,898.65
2,"South Sudan",2013,1060.37,1779.66,885.92
2,"South Sudan",2014,1050.31,1776.59,956.37
2,"South Sudan",2015,997.69,1852.51,948.59
2,"South Sudan",2016,984.14,1882.46,841.34
2,"South Sudan",2017,999.62,1863.6,861.7
2,"South Sudan",2018,1045.29,1861.46,857.14
2,"South Sudan",2019,1090.77,1773.73,908.2
2,"South Sudan",2020,1024.95,1829.65,1003.81
2,"South Sudan",2020,1024.95,1829.65,1003.81
19,"Sudan",2003,265.58,2167.44,219.44
19,"Sudan",2004,181.76,2197.69,170.8
19,"Sudan",2005,233.65,2206.23,220.83
19,"Sudan",2006,238.96,2156.76,203.14
19,"Sudan",2007,278.78,2185.15,203.65
19,"Sudan",2008,196.39,2212.15,198.97
19,"Sudan",2009,192.83,2245.73,199.04
19,"Sudan",2010,248.96,2168.2,225.72
19,"Sudan",2011,221.75,2255.51,185.59
19,"Sudan",2012,259.06,2199.38,241.89
19,"Sudan",2013,225.64,2178.61,180.2
19,"Sudan",2014,257.19,2119.05,219
19,"Sudan",2015,218.58,2281.23,193.18
19,"Sudan",2016,238.05,2219.28,212.23
19,"Sudan",2017,265.17,2296.67,225.5
19,"Sudan",2018,278.6,2163.5,244.81
19,"Sudan",2019,289.27,2150.21,207.86
19,"Sudan",2020,252.65,2196.35,198.72
19,"Sudan",2020,252.65,2196.35,198.72
6,"Tanzania",2003,759.08,1618.69,665.04
6,"Tanzania",2004,1033.5,1566.94,728.32
6,"Tanzania",2005,717.61,1639.98,676.29
6,"Tanzania",2006,1193.34,1547.84,706.42
6,"Tanzania",2007,913.44,1575.02,783.33
6,"Tanzania",2008,974.22,1543.61,770.05
6,"Tanzania",2009,981.72,1617.7,699.77
6,"Tanzania",2010,887.65,1617.5,674.24
6,"Tanzania",2011,1054.86,1519.12,720.02
6,"Tanzania",2012,892.07,1550.43,716.9
6,"Tanzania",2013,961.65,1564.08,703.41
6,"Tanzania",2014,1005.47,1537.69,743.74
6,"Tanzania",2015,995.52,1551.19,722.42
6,"Tanzania",2016,1015.95,1599.89,734.41
6,"Tanzania",2017,1004.98,1570.74,698.44
6,"Tanzania",2018,1189.59,1520.33,786.25
6,"Tanzania",2019,1231.16,1529.85,731.92
6,"Tanzania",2020,1305.16,1491.28,868.72
6,"Tanzania",2020,1305.16,1491.28,868.72
42,"Togo",2003,1355.74,1457.33,906.03
42,"Togo",2004,1199.65,1431.26,1039.96
42,"Togo",2005,1139.05,1460.84,992.79
42,"Togo",2006,1208.48,1431.93,909.35
42,"Togo",2007,1360.43,1489.8,985.24
42,"Togo",2008,1261.98,1513.74,974.28
42,"Togo",2009,1388.97,1470.46,1005.13
42,"Togo",2010,1454.88,1430.28,1000.76
42,"Togo",2011,1293.77,1492.65,928.28
42,"Togo",2012,1353.41,1445.05,1060.83
42,"Togo",2013,1034.04,1491.88,943.71
42,"Togo",2014,1127.57,1455.98,924.45
42,"Togo",2015,1063.84,1506.53,977.09
42,"Togo",2016,1297.22,1499.51,963.11
42,"Togo",2017,1144.89,1484.41,928.62
42,"Togo",2018,1281.81,1472.75,957.31
42,"Togo",2019,1399.51,1458.21,915.18
42,"Togo",2020,1239.27,1533.74,913.08
42,"Togo",2020,1239.27,1533.74,913.08
13,"Tunisia",2003,312.98,1194.59,178.63
13,"Tunisia",2004,233.11,1188.37,154.28
13,"Tunisia",2005,206.69,1214.51,167.63
13,"Tunisia",2006,257.44,1194.23,146.68
13,"Tunisia",2007,245.17,1240.74,157.58
13,"Tunisia",2008,185.88,1207.08,129.19
13,"Tunisia",2009,288.21,1221.41,161.63
13,"Tunisia",2010,238.47,1285.95,118.74
13,"Tunisia",2011,237.42,1158.02,153.34
13,"Tunisia",2012,228.01,1219.63,165.16
13,"Tunisia",2013,240.81,1307.8,132.46
13,"Tunisia",2014,220.11,1269.56,151.53
13,"Tunisia",2015,215.62,1235.9,136.95
13,"Tunisia",2016,218.54,1284.04,128
13,"Tunisia",2017,204.14,1258.69,126.38
13,"Tunisia",2018,243.97,1255.49,128.79
13,"Tunisia",2019,253.97,1290.35,153.54
13,"Tunisia",2020,218.53,1227.97,141.25
13,"Tunisia",2020,218.53,1227.97,141.25
36,"Uganda",2003,1227,1414.42,989.15
36,"Uganda",2004,1124.87,1411.94,985.46
36,"Uganda",2005,1078.08,1459.34,929
36,"Uganda",2006,1280.97,1362.11,964.56
36,"Uganda",2007,1258.15,1406.47,1036.76
36,"Uganda",2008,1095.33,1397.16,996.75
36,"Uganda",2009,1001.33,1424.78,932.14
36,"Uganda",2010,1292.96,1375.87,1023.73
36,"Uganda",2011,1349.04,1369.29,1020.48
36,"Uganda",2012,1430.07,1415.23,1016.66
36,"Uganda",2013,1228.02,1394.88,1051
36,"Uganda",2014,1232.94,1413.69,990.58
36,"Uganda",2015,1302.98,1442.35,974.79
36,"Uganda",2016,1133.94,1485.29,947.77
36,"Uganda",2017,1230.88,1473.8,930.9
36,"Uganda",2018,1392.19,1406.19,975.98
36,"Uganda",2019,1464.55,1394.55,980.42
36,"Uganda",2020,1507.01,1363.77,1111.09
36,"Uganda",2020,1507.01,1363.77,1111.09
14,"Zambia",2003,964.12,1721.04,853.29
14,"Zambia",2004,1104.4,1660.33,899
14,"Zambia",2005,841.54,1834.63,770.26
14,"Zambia",2006,1132.65,1665.51,894.42
14,"Zambia",2007,1147.58,1689.21,876.5
14,"Zambia",2008,1088.11,1726.14,888.57
14,"Zambia",2009,1078.35,1665.33,930.43
14,"Zambia",2010,1131.78,1692.83,845.39
14,"Zambia",2011,1001.21,1655.38,884.83
14,"Zambia",2012,1011.31,1677.96,861.69
14,"Zambia",2013,984.29,1724.34,834.62
14,"Zambia",2014,928.54,1714.92,844.3
14,"Zambia",2015,889.31,1750.62,827.99
14,"Zambia",2016,952.93,1778.4,801.76
14,"Zambia",2017,1188.11,1646.21,914.64
14,"Zambia",2018,964.56,1732.49,856.86
14,"Zambia",2019,841.56,1756.85,806.45
14,"Zambia",2020,1066.65,1684.94,861.45
14,"Zambia",2020,1066.65,1684.94,861.45
29,"Zimbabwe",2003,543.96,1566.34,505.49
29,"Zimbabwe",2004,691.66,1507.18,542.99
29,"Zimbabwe",2005,555.37,1636.64,456.63
29,"Zimbabwe",2006,664.66,1507.22,611.9
29,"Zimbabwe",2007,779.14,1508.28,529.02
29,"Zimbabwe",2008,687.74,1534.42,534.96
29,"Zimbabwe",2009,695.67,1471.53,617.89
29,"Zimbabwe",2010,670.11,1508.89,513.83
29,"Zimbabwe",2011,692.3,1519.3,540.36
29,"Zimbabwe",2012,508.15,1598.09,490.49
29,"Zimbabwe",2013,652.27,1521.86,535.48
29,"Zimbabwe",2014,738.03,1502.31,542.96
29,"Zimbabwe",2015,457.71,1649.66,478.64
29,"Zimbabwe",2016,714.46,1616.16,448.07
29,"Zimbabwe",2017,887.09,1443.75,653.68
29,"Zimbabwe",2018,646.11,1588.22,511.15
29,"Zimbabwe",2019,493.73,1659.28,432.9
29,"Zimbabwe",2020,746.16,1531.94,488.93
29,"Zimbabwe",2020,746.16,1531.94,488.93
33,"eSwatini",2003,570.78,1325.72,628.87
33,"eSwatini",2004,872.17,1272.24,741.85
33,"eSwatini",2005,807.4,1239.91,690.69
33,"eSwatini",2006,1071.84,1246.51,768.13
33,"eSwatini",2007,739.48,1291.37,692.32
33,"eSwatini",2008,772.29,1242.91,666.48
33,"eSwatini",2009,941.74,1218.9,774.75
33,"eSwatini",2010,846.52,1252.42,717.01
33,"eSwatini",2011,614.05,1289.34,719.6
33,"eSwatini",2012,828.9,1305.28,819.05
33,"eSwatini",2013,898.17,1251.06,804.47
33,"eSwatini",2014,639.27,1252.76,716.13
33,"eSwatini",2015,662.63,1325.21,648.32
33,"eSwatini",2016,879.58,1279.19,596.69
33,"eSwatini",2017,745.21,1261.52,658.27
33,"eSwatini",2018,748.31,1292.73,834.97
33,"eSwatini",2019,841.65,1254.94,746.63
33,"eSwatini",2020,723.56,1264.61,748.81
33,"eSwatini",2020,723.56,1264.61,748.81
